Название смартфона | Цена в рублях
Apple iPhone 14 Pro Max 256Gb nanoSim + eSim Space Black | 112990
Apple iPhone 14 Pro Max 256Gb nanoSim + eSim Deep Purple | 108990
Apple iPhone 14 Pro 256Gb nanoSim + eSim Deep Purple | 101990
Apple iPhone 14 Pro Max 128Gb nanoSim + eSim Space Black | 99990
Apple iPhone 14 Pro Max 128Gb nanoSim + eSim Deep Purple | 100990
Apple iPhone 14 Pro Max 256Gb nanoSim + eSim Silver | 108990
Apple iPhone 14 128Gb nanoSim + eSim Starlight | 67150
Apple iPhone 13 128Gb Starlight | 59490
Apple iPhone 14 Pro 128Gb nanoSim + eSim Deep Purple | 91490
Apple iPhone 14 128Gb nanoSim + eSim Midnight | 66550
Apple iPhone 13 128Gb Midnight | 59490
Apple iPhone 14 128Gb nanoSim + eSim Purple | 67450
Apple iPhone 14 128Gb nanoSim + eSim Blue | 66550
Apple iPhone 14 Pro 256Gb Dual nanoSim Space Black | 103990
Apple iPhone 14 Pro 128Gb nanoSim + eSim Space Black | 91690
Apple iPhone 14 Pro 128Gb nanoSim + eSim Silver | 91490
Apple iPhone 13 128Gb Green | 59490
Apple iPhone 14 Pro 256Gb nanoSim + eSim Space Black | 101990
Apple iPhone 14 Pro Max 128Gb nanoSim + eSim Silver | 99990
Apple iPhone 14 Pro 128Gb nanoSim + eSim Gold | 91490
Apple iPhone 13 128Gb Pink | 59490
Apple iPhone 14 Pro 256Gb nanoSim + eSim Gold | 100990
Apple iPhone 14 Pro Max 1Tb nanoSim + eSim Deep Purple | 143990
Apple iPhone 13 128Gb Blue | 59490
Apple iPhone 14 Pro Max 128Gb nanoSim + eSim Gold | 99990
Apple iPhone 14 Pro 128Gb Dual nanoSim Space Black | 91490
Apple iPhone 14 Pro Max 128Gb Dual nanoSim Silver | 100150
Apple iPhone SE (2022) 64Gb Starlight | 31490
Apple iPhone 13 Mini 128Gb Starlight | 56990
Apple iPhone 12 Mini 256Gb Green | 49990
Apple iPhone 14 Pro Max 128Gb Dual nanoSim Deep Purple | 100150
Apple iPhone 14 Plus 128Gb nanoSim + eSim Starlight | 73490
Apple iPhone 14 Pro Max 512Gb Dual eSim Space Black | 117990
Apple iPhone 13 Mini 128Gb Pink | 57290
Apple iPhone 14 Plus 128Gb nanoSim + eSim Purple | 72590
Apple iPhone 14 Pro 256Gb Dual nanoSim Gold | 100990
Apple iPhone 14 Pro Max 1Tb Dual eSim Deep Purple | 125490
Apple iPhone 13 256Gb Blue | 71990
Apple iPhone 13 256Gb Midnight | 71990
Apple iPhone 14 Pro Max 256Gb Dual nanoSim Silver | 119990
Apple iPhone 12 Mini 128Gb Green | 47990
Apple iPhone 14 256Gb nanoSim + eSim Starlight | 78890
Apple iPhone 12 Mini 256Gb White | 50590
Apple iPhone 13 Mini 128Gb Green | 57290
Apple iPhone 14 128Gb nanoSim + eSim Red | 66550
Apple iPhone 14 256Gb nanoSim + eSim Blue | 78890
Apple iPhone 12 Mini 128Gb Red | 47990
